entropy_hl,entropy_ll,episode,fill,policy_hl,policy_ll,reward,stage,total_steps,value_hl,value_ll,void,wall_time_s,world_model
1.3860602378845215,4.728355288505554,1,0.11407523148148148,-0.002213448053225875,0.2733226604759693,3.805154216996222,0,128,2.7941442131996155,2.7948444485664368,0.07757806312292814,246.0390009880066,1.2509178221225739
